CHROM,POS
Loc_6,151
Loc_15,151
Loc_18,151
Loc_22,151
Loc_23,151
Loc_24,151
Loc_27,151
Loc_28,151
Loc_39,151
Loc_41,151
Loc_57,151
Loc_63,151
Loc_65,151
Loc_69,151
Loc_74,151
Loc_75,151
Loc_83,151
Loc_84,151
Loc_89,151
Loc_90,151
Loc_91,151
Loc_98,151
Loc_102,151
Loc_110,151
Loc_114,151
Loc_117,151
Loc_131,151
Loc_134,151
Loc_141,151
Loc_144,151
Loc_146,151
Loc_157,151
Loc_158,151
Loc_161,151
Loc_163,151
Loc_167,151
Loc_168,151
Loc_171,151
Loc_180,151
Loc_181,151
Loc_182,151
Loc_187,151
Loc_194,151
Loc_202,151
Loc_211,151
Loc_223,151
Loc_226,151
Loc_227,151
Loc_228,151
Loc_236,151
Loc_240,151
Loc_242,151
Loc_243,151
Loc_251,151
Loc_264,151
Loc_273,151
Loc_278,151
Loc_288,151
Loc_291,151
Loc_301,151
Loc_308,151
Loc_320,151
Loc_328,151
Loc_343,151
Loc_348,151
Loc_359,151
Loc_364,151
Loc_367,151
Loc_371,151
Loc_377,151
Loc_395,151
Loc_396,151
Loc_398,151
Loc_401,151
Loc_403,151
Loc_411,151
Loc_419,151
Loc_424,151
Loc_434,151
Loc_439,151
Loc_445,151
Loc_448,151
Loc_451,151
Loc_453,151
Loc_456,151
Loc_457,151
Loc_458,151
Loc_461,151
Loc_463,151
Loc_469,151
Loc_470,151
Loc_471,151
Loc_473,151
Loc_479,151
Loc_482,151
Loc_487,151
Loc_492,151
Loc_494,151
Loc_249,151
Loc_298,151
Loc_323,151
Loc_327,151
Loc_342,151
Loc_355,151
Loc_481,151